{"val_acc":0.9153966464190885,"_step":0,"train_loss":0.27889296381546863,"_runtime":2698,"_timestamp":1.774325659344846e+09,"val_loss":0.22328465445295617,"epoch":1,"_wandb":{"runtime":2698},"train_acc":0.8726153319271154}