{"train_loss":0.1014083751142025,"train_acc":0.95975,"val_acc":0.9106,"val_loss":0.2500441296219826,"_wandb":{"runtime":2866},"_step":9,"_runtime":2866,"epoch":10,"_timestamp":1.7743294381065273e+09}