{"_runtime":1026,"val_loss":0.2458176660299301,"_timestamp":1.7743317455908697e+09,"train_loss":0.2110220912337303,"train_acc":0.9127,"val_acc":0.896,"_wandb":{"runtime":1026},"_step":2,"epoch":3}